City_ID,City,Country,Date,Lat,Lng,Max Temp,Humidity,Cloudiness,Wind Speed
0,Champerico,GT,2022-02-08 22:09:49,14.3,-91.9167,83.77,64,10,8.1
1,Oktyabrskiy,RU,2022-02-08 22:09:50,54.4815,53.471,15.44,96,100,4.16
2,Nikolskoye,RU,2022-02-08 22:09:50,59.7035,30.7861,28.8,96,100,4.81
3,Port Alfred,ZA,2022-02-08 22:09:51,-33.5906,26.891,71.94,85,7,9.93
4,Albany,US,2022-02-08 22:09:51,42.6001,-73.9662,35.55,67,48,1.01
5,Mar Del Plata,AR,2022-02-08 22:07:54,-38.0023,-57.5575,68.02,82,0,15.01
6,Busselton,AU,2022-02-08 22:09:51,-33.65,115.3333,52.05,85,2,6.33
7,Atuona,PF,2022-02-08 22:09:52,-9.8,-139.0333,78.62,77,20,15.97
8,Esperance,AU,2022-02-08 22:09:52,-33.8667,121.9,61.32,68,31,5.19
9,Rikitea,PF,2022-02-08 22:09:52,-23.1203,-134.9692,78.91,71,77,12.03
10,Cape Town,ZA,2022-02-08 22:07:13,-33.9258,18.4232,67.08,78,75,1.01
11,Severo-Kurilsk,RU,2022-02-08 22:09:53,50.6789,156.125,30.67,93,95,27.47
12,Souillac,MU,2022-02-08 22:09:53,-20.5167,57.5167,74.35,84,100,7.34
13,Calvinia,ZA,2022-02-08 22:09:54,-31.4707,19.776,75.13,21,2,6.13
14,Provideniya,RU,2022-02-08 22:09:54,64.3833,-173.3,-3.89,65,0,15.66
15,Penzance,GB,2022-02-08 22:09:54,50.1186,-5.5371,50.68,79,100,17.47
16,Bengkulu,ID,2022-02-08 22:09:54,-3.8004,102.2655,76.64,84,100,5.41
17,Kattivakkam,IN,2022-02-08 22:09:55,13.2167,80.3167,79.07,76,15,6.51
18,Ushuaia,AR,2022-02-08 22:05:48,-54.8,-68.3,53.26,54,40,16.11
19,Clyde River,CA,2022-02-08 22:09:55,70.4692,-68.5914,-28.91,86,100,2.01
20,Vauvert,FR,2022-02-08 22:09:56,43.7,4.2833,48.02,49,0,2.3
21,Saint Anthony,US,2022-02-08 22:09:56,45.0205,-93.218,43.12,57,0,16.11
22,Longyearbyen,SJ,2022-02-08 22:09:56,78.2186,15.6401,15.64,67,75,6.91
23,Bhag,PK,2022-02-08 22:09:57,29.0415,67.8239,62.24,50,0,4.88
24,Caravelas,BR,2022-02-08 22:09:57,-17.7125,-39.2481,77.92,87,97,7.7
25,Durazno,UY,2022-02-08 22:09:57,-33.4131,-56.5006,76.95,47,20,8.05
26,Mujiayingzi,CN,2022-02-08 22:09:57,42.1167,118.7833,18.09,42,66,6.76
27,Breves,BR,2022-02-08 22:09:58,-1.6822,-50.4803,76.19,95,63,3.44
28,Thompson,CA,2022-02-08 22:09:58,55.7435,-97.8558,21.29,93,100,13.09
29,Punta Arenas,CL,2022-02-08 22:07:38,-53.15,-70.9167,57.31,41,75,13.8
30,Puerto Ayora,EC,2022-02-08 22:09:06,-0.7393,-90.3518,78.76,74,55,9.8
31,Carnarvon,AU,2022-02-08 22:09:59,-24.8667,113.6333,76.01,58,0,17.72
32,Isiolo,KE,2022-02-08 22:10:00,0.3546,37.5822,68.4,52,1,6.33
33,Nanortalik,GL,2022-02-08 22:10:00,60.1432,-45.2371,10.99,62,4,26.49
34,Namibe,AO,2022-02-08 22:10:01,-15.1961,12.1522,73.78,78,100,11.41
35,Saint-Philippe,RE,2022-02-08 22:10:01,-21.3585,55.7679,76.55,86,78,8.41
36,Yar-Sale,RU,2022-02-08 22:10:02,66.8333,70.8333,0.09,90,100,15.9
37,Hermanus,ZA,2022-02-08 22:10:03,-34.4187,19.2345,64.9,89,74,7.14
38,Half Moon Bay,US,2022-02-08 22:10:03,37.4636,-122.4286,75.79,51,0,11.5
39,Araouane,ML,2022-02-08 22:10:03,18.9048,-3.5265,69.13,9,0,10.8
40,Hobart,AU,2022-02-08 22:10:00,-42.8794,147.3294,64.26,75,20,9.22
41,Bereda,ES,2022-02-08 22:10:04,43.2686,-7.5406,47.41,94,1,1.72
42,Amahai,ID,2022-02-08 22:10:04,-3.3333,128.9167,78.12,84,98,3.71
43,Siniscola,IT,2022-02-08 22:10:05,40.5719,9.6922,36.95,45,0,4.63
44,Bambous Virieux,MU,2022-02-08 22:10:05,-20.3428,57.7575,74.21,80,99,7.9
45,Carandai,BR,2022-02-08 22:10:05,-20.9536,-43.8064,64.72,97,100,1.63
46,Mataura,NZ,2022-02-08 22:10:05,-46.1927,168.8643,59.49,83,100,3.02
47,Cabedelo,BR,2022-02-08 22:11:06,-6.9811,-34.8339,81.27,74,1,13.85
48,Kharian,PK,2022-02-08 22:11:06,32.8149,73.8636,51.15,61,100,2.71
49,Karymskoye,RU,2022-02-08 22:11:07,51.6167,114.35,-6.93,100,52,2.06
50,Pacific Grove,US,2022-02-08 22:06:22,36.6177,-121.9166,79.61,48,0,4.61
51,Naze,JP,2022-02-08 22:11:07,28.3667,129.4833,54.52,76,91,12.57
52,Iqaluit,CA,2022-02-08 22:11:07,63.7506,-68.5145,-0.31,77,100,5.99
53,Independence,US,2022-02-08 22:09:33,39.0911,-94.4155,59.07,33,0,13.8
54,Atar,MR,2022-02-08 22:11:08,20.5169,-13.0499,75.04,10,74,9.37
55,Cuamba,MZ,2022-02-08 22:11:08,-14.8031,36.5372,68.27,95,84,0.45
56,Balkanabat,TM,2022-02-08 22:11:08,39.5108,54.3671,43.93,50,39,10.25
57,Hoquiam,US,2022-02-08 22:11:09,46.9809,-123.8893,48.52,86,100,3.44
58,Bredasdorp,ZA,2022-02-08 22:11:09,-34.5322,20.0403,64.27,84,36,4.76
59,Careiro Da Varzea,BR,2022-02-08 22:11:09,-3.2003,-59.8119,79.41,85,61,1.1
60,Killybegs,IE,2022-02-08 22:11:10,54.6333,-8.45,44.46,81,99,21.63
61,Marzuq,YE,2022-02-08 22:11:11,14.4,46.4667,59.81,31,20,3.27
62,Padilla,CO,2022-02-08 22:11:11,3.2204,-76.3139,71.62,88,92,0.74
63,Vaini,TO,2022-02-08 22:09:54,-21.2,-175.2,84.36,89,40,13.8
64,Prince George,CA,2022-02-08 22:11:11,53.9166,-122.753,41.25,74,100,1.01
65,Lompoc,US,2022-02-08 22:11:12,34.6391,-120.4579,79.79,36,0,13.8
66,Vila Franca Do Campo,PT,2022-02-08 22:11:12,37.7167,-25.4333,57.61,77,98,7.36
67,Klaksvik,FO,2022-02-08 22:11:13,62.2266,-6.589,34.72,65,99,41.11
68,Sangar,RU,2022-02-08 22:11:13,63.9242,127.4739,-39.98,100,99,1.57
69,Chuy,UY,2022-02-08 22:11:13,-33.6971,-53.4616,68.36,64,11,7.83
70,Xian,CN,2022-02-08 22:11:14,34.2583,108.9286,32.72,56,96,0.85
71,Khatanga,RU,2022-02-08 22:11:14,71.9667,102.5,4.42,83,100,16.71
72,Novoseleznevo,RU,2022-02-08 22:11:15,55.6821,69.2056,5.0,96,71,6.29
73,Reconquista,AR,2022-02-08 22:06:18,-29.15,-59.65,89.11,20,0,7.81
74,Narsaq,GL,2022-02-08 22:11:15,60.9167,-46.05,-8.68,74,15,5.39
75,Touros,BR,2022-02-08 22:11:16,-5.1989,-35.4608,83.3,70,5,16.42
76,Matehuala,MX,2022-02-08 22:11:16,23.65,-100.65,56.5,45,49,3.91
77,Butaritari,KI,2022-02-08 22:11:17,3.0707,172.7902,81.84,77,72,13.91
78,Karratha,AU,2022-02-08 22:11:17,-20.7377,116.8463,82.53,76,68,4.85
79,Fortuna,US,2022-02-08 22:10:30,40.5982,-124.1573,72.43,73,0,11.5
80,Mingshui,CN,2022-02-08 22:11:17,36.7167,117.5,33.94,56,100,4.85
81,Tucurui,BR,2022-02-08 22:11:18,-3.7661,-49.6725,76.17,94,99,3.11
82,Alekseyevsk,RU,2022-02-08 22:11:18,57.8406,108.3492,-23.04,100,82,3.22
83,Kapaa,US,2022-02-08 22:11:18,22.0752,-159.319,79.2,65,40,10.36
84,Calatayud,ES,2022-02-08 22:11:19,41.3535,-1.6432,50.58,69,2,0.96
85,Avarua,CK,2022-02-08 22:11:19,-21.2078,-159.775,80.65,83,40,8.05
86,Krasnoselkup,RU,2022-02-08 22:11:19,65.7,82.4667,-11.76,91,100,10.49
87,Awbari,LY,2022-02-08 22:11:20,26.5921,12.7805,54.57,29,4,9.17
88,Oussouye,SN,2022-02-08 22:11:20,12.485,-16.5469,73.94,56,1,6.11
89,Chicama,PE,2022-02-08 22:11:20,-7.8447,-79.1469,68.54,60,64,9.33
90,Morondava,MG,2022-02-08 22:12:21,-20.2833,44.2833,79.81,80,100,1.88
91,Rouvroy,FR,2022-02-08 22:12:21,50.3925,2.904,48.56,77,100,9.46
92,Alofi,NU,2022-02-08 22:12:21,-19.0595,-169.9187,75.09,94,100,3.44
93,Tiksi,RU,2022-02-08 22:12:22,71.6872,128.8694,-19.61,99,74,8.99
94,Bathsheba,BB,2022-02-08 22:12:22,13.2167,-59.5167,77.61,69,40,17.27
95,Barajevo,RS,2022-02-08 22:12:22,44.5789,20.4158,40.48,75,70,11.72
96,Sakaiminato,JP,2022-02-08 22:12:23,35.55,133.2333,33.73,73,100,17.92
97,Qaanaaq,GL,2022-02-08 22:12:23,77.484,-69.3632,-13.72,92,100,5.44
98,Hasaki,JP,2022-02-08 22:12:23,35.7333,140.8333,32.29,64,96,15.05
99,Saint-Georges,GD,2022-02-08 22:12:24,12.0564,-61.7485,80.28,69,20,11.5
100,Yatou,CN,2022-02-08 22:11:38,37.15,122.3833,32.14,60,100,4.14
101,Shestakovo,RU,2022-02-08 22:12:14,56.4915,103.96,-8.93,99,98,4.0
102,Bluff,NZ,2022-02-08 22:09:59,-46.6,168.3333,59.81,85,94,10.2
103,Berbera,SO,2022-02-08 22:12:24,10.4396,45.0143,75.0,71,5,5.95
104,Jamestown,US,2022-02-08 22:08:34,42.097,-79.2353,27.09,54,100,10.0
105,Puerto Leguizamo,CO,2022-02-08 22:12:25,-0.1934,-74.7819,75.27,89,100,0.89
106,Carutapera,BR,2022-02-08 22:12:25,-1.195,-46.02,76.51,92,86,5.03
107,Ribeira Grande,PT,2022-02-08 22:12:26,38.5167,-28.7,60.44,69,97,5.46
108,Hobyo,SO,2022-02-08 22:12:26,5.3505,48.5268,76.12,72,24,20.54
109,Castro,BR,2022-02-08 22:12:26,-24.7911,-50.0119,66.72,84,71,5.26
110,Verkhoyansk,RU,2022-02-08 22:12:27,67.5447,133.385,-46.26,99,90,1.21
111,Pozo Colorado,PY,2022-02-08 22:12:27,-23.4923,-58.7972,87.93,20,0,7.02
112,Ahuimanu,US,2022-02-08 22:12:27,21.4447,-157.8378,80.31,66,75,11.5
113,Barrow,US,2022-02-08 22:10:02,71.2906,-156.7887,-29.18,100,0,8.05
114,Myitkyina,MM,2022-02-08 22:12:28,25.3833,97.4,51.24,81,3,3.62
115,Solnechnyy,RU,2022-02-08 22:12:28,50.7214,136.6319,-5.19,97,91,3.29
116,Panguna,PG,2022-02-08 22:12:28,-6.3164,155.4848,75.42,84,99,2.17
117,Aklavik,CA,2022-02-08 22:12:29,68.2191,-135.0107,-33.54,96,61,5.1
118,Bardiyah,LY,2022-02-08 22:12:29,31.7561,25.0865,53.76,54,86,25.17
119,Ribeirao,BR,2022-02-08 22:12:29,-8.5144,-35.3778,82.71,81,1,6.8
120,Rio Gallegos,AR,2022-02-08 22:12:30,-51.6226,-69.2181,61.47,28,38,14.94
121,Port Elizabeth,ZA,2022-02-08 22:12:30,-33.918,25.5701,64.69,94,75,12.66
122,New Norfolk,AU,2022-02-08 22:11:26,-42.7826,147.0587,63.91,68,58,2.68
123,Luderitz,NA,2022-02-08 22:12:31,-26.6481,15.1594,70.23,75,27,9.53
124,Linxia,CN,2022-02-08 22:12:31,35.6003,103.2064,7.36,92,60,4.43
125,Russell,US,2022-02-08 22:12:31,32.3502,-85.1999,58.15,33,0,8.05
126,Pevek,RU,2022-02-08 22:12:32,69.7008,170.3133,-32.37,100,46,4.7
127,Miri,MY,2022-02-08 22:12:32,4.4148,114.0089,74.95,92,100,5.46
128,Maragogi,BR,2022-02-08 22:12:32,-9.0122,-35.2225,80.06,75,2,10.92
129,Dingle,PH,2022-02-08 22:12:32,10.9995,122.6711,73.85,89,91,10.31
130,Burnie,AU,2022-02-08 22:12:33,-41.0667,145.9167,61.9,80,100,9.24
131,Chokurdakh,RU,2022-02-08 22:12:33,70.6333,147.9167,-43.85,100,97,5.68
132,Kamenka,RU,2022-02-08 22:12:34,51.3223,42.7678,32.76,96,100,14.05
133,Port Macquarie,AU,2022-02-08 22:13:34,-31.4333,152.9167,74.89,72,6,4.97
134,Sekondi,GH,2022-02-08 22:13:34,4.937,-1.7128,79.41,84,24,7.38
135,Dunedin,NZ,2022-02-08 22:13:35,-45.8742,170.5036,58.8,86,100,3.0
136,Evanston,US,2022-02-08 22:09:28,42.0411,-87.6901,39.61,65,75,11.5
137,Gorbatov,RU,2022-02-08 22:13:35,56.1331,43.0583,31.01,99,100,7.07
138,Watsa,CD,2022-02-08 22:13:35,3.0372,29.5355,68.97,39,79,1.45
139,Taoudenni,ML,2022-02-08 22:13:36,22.6783,-3.9836,70.5,11,0,11.41
140,Miyako,JP,2022-02-08 22:13:36,39.6367,141.9525,27.97,67,14,5.57
141,Saint-Augustin,CA,2022-02-08 22:13:36,51.226,-58.6502,11.82,96,88,9.98
142,Amboasary,MG,2022-02-08 22:13:36,-25.0333,46.3833,78.35,76,100,8.77
143,Saskylakh,RU,2022-02-08 22:13:37,71.9167,114.0833,2.61,84,100,14.83
144,Darnah,LY,2022-02-08 22:13:37,32.767,22.6367,53.65,53,98,27.27
145,Deputatskiy,RU,2022-02-08 22:13:38,69.3,139.9,-37.19,97,52,5.59
146,Tautira,PF,2022-02-08 22:13:38,-17.7333,-149.15,86.02,79,67,18.43
147,Mikkeli,FI,2022-02-08 22:13:38,61.6886,27.2723,28.51,93,100,4.61
148,Norman Wells,CA,2022-02-08 22:13:38,65.282,-126.8329,-20.78,92,97,1.63
149,Hilo,US,2022-02-08 22:11:17,19.7297,-155.09,77.11,73,100,8.01
150,Kuala Terengganu,MY,2022-02-08 22:13:39,5.3302,103.1408,75.47,87,100,1.32
151,Savannah Bight,HN,2022-02-08 22:13:39,16.45,-85.85,80.65,69,1,11.72
152,Faanui,PF,2022-02-08 22:13:39,-16.4833,-151.75,81.75,78,17,19.73
153,Asfi,MA,2022-02-08 22:11:06,32.2994,-9.2372,62.82,53,8,10.36
154,Ilulissat,GL,2022-02-08 22:12:30,69.2167,-51.1,-7.58,64,38,26.46
155,Lagoa,PT,2022-02-08 22:13:40,39.05,-27.9833,59.72,74,86,13.2
156,Tuatapere,NZ,2022-02-08 22:12:32,-46.1333,167.6833,59.83,77,94,3.83
157,Nipawin,CA,2022-02-08 22:13:40,53.3668,-104.0009,30.24,80,100,13.8
158,Port Augusta,AU,2022-02-08 22:13:41,-32.5,137.7667,68.7,66,48,14.79
159,Port Lincoln,AU,2022-02-08 22:13:41,-34.7333,135.8667,65.59,75,100,9.66
160,Hamilton,US,2022-02-08 22:13:41,39.1834,-84.5333,47.25,55,0,10.36
161,Neuenhagen,DE,2022-02-08 22:13:42,52.5299,13.6891,48.15,88,100,10.87
162,Severnoye,RU,2022-02-08 22:13:42,56.3491,78.3619,-12.62,100,33,5.95
163,Victoria,HK,2022-02-08 22:13:42,22.2855,114.1577,61.32,85,100,5.99
164,Pueblo,US,2022-02-08 22:13:43,38.2545,-104.6091,57.49,24,0,5.99
165,Dikson,RU,2022-02-08 22:13:43,73.5069,80.5464,1.4,95,100,21.65
166,Luau,AO,2022-02-08 22:13:43,-10.7073,22.2247,63.5,97,99,2.71
167,Beringovskiy,RU,2022-02-08 22:12:19,63.05,179.3167,-19.77,90,5,12.1
168,Sotnikovo,RU,2022-02-08 22:13:44,51.8845,107.4791,-3.91,84,95,2.24
169,Cristobal Obregon,MX,2022-02-08 22:13:44,16.35,-93.5333,70.86,89,100,5.84
170,Hofn,IS,2022-02-08 22:13:44,64.2539,-15.2082,28.53,61,100,13.42
171,Geraldton,AU,2022-02-08 22:13:45,-28.7667,114.6,61.21,82,0,10.36
172,Makhinjauri,GE,2022-02-08 22:13:45,41.6739,41.694,51.66,54,75,26.46
173,Malanje,AO,2022-02-08 22:13:45,-9.5402,16.341,61.23,90,100,2.71
174,Lebu,CL,2022-02-08 22:13:46,-37.6167,-73.65,62.8,81,20,18.45
175,Byron Bay,AU,2022-02-08 22:13:46,-28.65,153.6167,75.15,72,15,5.88
176,Zhuhai,CN,2022-02-08 22:13:46,22.2769,113.5678,61.05,82,40,17.27
177,Villa Sandino,NI,2022-02-08 22:13:47,12.0483,-84.9936,85.01,41,74,12.73
178,Radece,SI,2022-02-08 22:13:47,46.0681,15.1839,39.11,64,2,4.56
179,Westport,US,2022-02-08 22:12:35,41.1415,-73.3579,39.02,65,100,17.27
180,Airai,TL,2022-02-08 22:14:47,-8.9266,125.4092,61.16,94,100,0.54
181,Tuktoyaktuk,CA,2022-02-08 22:14:48,69.4541,-133.0374,-40.0,67,20,3.44
182,Yarada,IN,2022-02-08 22:14:48,17.65,83.2667,72.88,71,6,1.19
183,Vieux-Habitants,GP,2022-02-08 22:14:48,16.0589,-61.7659,79.72,68,15,11.65
184,Nouadhibou,MR,2022-02-08 22:14:49,20.931,-17.0347,66.18,94,98,10.36
185,Dickinson,US,2022-02-08 22:14:49,29.4608,-95.0513,67.1,35,0,3.44
186,Ponta Do Sol,PT,2022-02-08 22:12:37,32.6667,-17.1,66.83,51,32,9.55
187,Makakilo City,US,2022-02-08 22:14:49,21.3469,-158.0858,80.92,54,75,11.5
188,Kasempa,ZM,2022-02-08 22:14:50,-13.4584,25.8338,63.5,97,100,3.49
189,Acapulco,MX,2022-02-08 22:10:11,16.8634,-99.8901,84.02,65,40,8.05
190,Huarmey,PE,2022-02-08 22:14:50,-10.0681,-78.1522,74.26,73,26,8.57
191,Ocos,GT,2022-02-08 22:14:51,14.5094,-92.1933,86.5,64,14,7.9
192,Kargasok,RU,2022-02-08 22:14:51,59.0556,80.8572,-18.62,100,8,5.14
193,Kanigoro,ID,2022-02-08 22:14:51,-8.13,112.219,71.92,93,100,5.68
194,Sorland,NO,2022-02-08 22:14:52,67.667,12.6934,35.67,61,100,31.85
195,Venice,US,2022-02-08 22:13:54,27.0998,-82.4543,56.14,98,75,10.36
196,Hervey Bay,AU,2022-02-08 22:14:52,-25.2986,152.8535,77.04,77,29,7.0
197,Georgetown,MY,2022-02-08 22:11:27,5.4112,100.3354,78.89,87,20,0.0
198,Lasa,IT,2022-02-08 22:14:52,46.6166,10.7002,44.06,48,1,5.39
199,Saldanha,ZA,2022-02-08 22:14:53,-33.0117,17.9442,63.45,92,64,7.43
200,Tambopata,PE,2022-02-08 22:14:53,-12.7333,-69.1833,84.54,60,81,2.48
201,Brownfield,US,2022-02-08 22:14:53,33.1812,-102.2744,67.95,12,7,12.44
202,Te Anau,NZ,2022-02-08 22:14:54,-45.4167,167.7167,63.79,70,91,0.94
203,Phan Thiet,VN,2022-02-08 22:12:02,10.9333,108.1,73.45,81,100,7.7
204,Baijiantan,CN,2022-02-08 22:14:54,45.6333,85.1833,3.94,97,80,0.13
205,Codrington,AU,2022-02-08 22:14:55,-38.2667,141.9667,67.41,72,99,6.78
206,Voineasa,RO,2022-02-08 22:14:55,44.2833,24.1333,33.35,69,0,8.05
207,Aykhal,RU,2022-02-08 22:14:55,66.0,111.5,-20.7,100,78,4.56
208,Beasain,ES,2022-02-08 22:14:55,43.0502,-2.2009,56.86,82,10,7.85
209,Hualmay,PE,2022-02-08 22:14:56,-11.0964,-77.6139,73.49,72,28,8.77
210,Vitim,RU,2022-02-08 22:14:56,59.4511,112.5578,-9.36,97,100,2.98
211,Pangnirtung,CA,2022-02-08 22:14:56,66.1451,-65.7125,-7.6,77,100,9.22
212,Kawalu,ID,2022-02-08 22:12:38,-7.3817,108.2082,73.33,92,99,1.54
213,Inta,RU,2022-02-08 22:14:57,66.0317,60.1659,-6.84,91,93,4.25
214,Ayolas,PY,2022-02-08 22:14:57,-27.4,-56.9,83.64,34,0,2.68
215,Kozhva,RU,2022-02-08 22:14:57,65.1073,57.0459,6.21,85,31,11.68
216,Palana,RU,2022-02-08 22:14:58,59.1167,159.9667,-1.62,93,90,6.13
217,Mahebourg,MU,2022-02-08 22:14:59,-20.4081,57.7,75.49,88,75,4.61
218,San-Pedro,CI,2022-02-08 22:14:59,4.7485,-6.6363,79.02,85,18,7.07
219,East London,ZA,2022-02-08 22:10:22,-33.0153,27.9116,74.28,87,4,5.28
220,Ternate,ID,2022-02-08 22:15:00,0.8,127.4,78.98,83,100,5.35
221,Tadine,NC,2022-02-08 22:15:00,-21.55,167.8833,81.05,88,100,19.33
222,Tsumeb,NA,2022-02-08 22:15:01,-19.2333,17.7167,67.55,57,41,3.22
223,Dumai,ID,2022-02-08 22:15:01,1.6833,101.45,72.75,97,99,0.85
224,Namatanai,PG,2022-02-08 22:15:02,-3.6667,152.4333,81.73,76,100,4.63
225,Lar,IN,2022-02-08 22:15:03,26.2039,83.9717,54.5,82,0,4.29
226,Gamba,GA,2022-02-08 22:15:03,-2.65,10.0,76.95,91,91,5.55
227,Kaitangata,NZ,2022-02-08 22:16:04,-46.2817,169.8464,58.69,85,100,9.28
228,Paamiut,GL,2022-02-08 22:16:04,61.994,-49.6678,-0.44,80,100,11.27
229,Nioro,GM,2022-02-08 22:16:05,13.35,-15.75,82.99,10,4,7.27
230,Det Udom,TH,2022-02-08 22:16:05,14.906,105.0784,80.26,63,78,6.82
231,Mezen,RU,2022-02-08 22:16:06,65.8522,44.24,16.41,93,99,10.27
232,Hermiston,US,2022-02-08 22:13:25,45.8404,-119.2895,62.42,51,0,3.44
233,Plouzane,FR,2022-02-08 22:16:06,48.3833,-4.6167,46.72,93,100,6.91
234,Guiratinga,BR,2022-02-08 22:16:07,-16.3494,-53.7583,74.35,89,97,4.63
235,Chandrapur,IN,2022-02-08 22:11:57,19.95,79.3,69.35,45,26,5.68
236,Trairi,BR,2022-02-08 22:16:07,-3.2778,-39.2689,79.93,77,12,12.24
237,Betsiamites,CA,2022-02-08 22:16:07,48.9413,-68.646,26.49,95,100,15.03
238,Swan Hill,AU,2022-02-08 22:16:08,-35.3378,143.5544,78.03,39,78,8.23
239,Vanavara,RU,2022-02-08 22:16:08,60.34,102.2797,-26.0,99,34,3.8
240,Alegrete,BR,2022-02-08 22:16:08,-29.7831,-55.7919,84.33,23,0,6.67
241,Angoche,MZ,2022-02-08 22:16:09,-16.2325,39.9086,77.34,89,100,5.17
242,Marawi,PH,2022-02-08 22:16:09,7.9986,124.2928,64.65,94,100,1.63
243,Kodiak,US,2022-02-08 22:16:09,57.79,-152.4072,26.11,59,0,13.8
244,Sitka,US,2022-02-08 22:16:10,57.0531,-135.33,44.49,87,100,17.27
245,Kijang,KR,2022-02-08 22:16:10,35.2442,129.2139,36.88,55,58,6.82
246,Los Llanos De Aridane,ES,2022-02-08 22:16:10,28.6585,-17.9182,65.12,53,0,8.05
247,San Carlos De Bariloche,AR,2022-02-08 22:16:11,-41.1456,-71.3082,74.95,29,0,20.71
248,Waingapu,ID,2022-02-08 22:16:11,-9.6567,120.2641,78.42,83,98,3.76
249,Yuncheng,CN,2022-02-08 22:16:11,35.0231,110.9928,30.4,72,89,1.45
250,Torbay,CA,2022-02-08 22:16:12,47.6666,-52.7314,29.57,83,100,17.27
251,Heliconia,CO,2022-02-08 22:16:12,6.2069,-75.7337,68.9,100,75,6.91
252,Kaeo,NZ,2022-02-08 22:16:12,-35.1,173.7833,75.33,98,84,9.08
253,Cherskiy,RU,2022-02-08 22:16:13,68.75,161.3,-42.63,100,84,4.38
254,Cabatuan,PH,2022-02-08 22:16:13,10.8794,122.486,73.85,88,87,12.84
255,Anadyr,RU,2022-02-08 22:16:13,64.75,177.4833,-30.5,68,20,8.95
256,Porbandar,IN,2022-02-08 22:16:14,21.6422,69.6093,67.68,78,0,8.16
257,Cidreira,BR,2022-02-08 22:16:14,-30.1811,-50.2056,72.68,69,46,12.93
258,Alexandria,EG,2022-02-08 22:16:15,31.2156,29.9553,59.09,63,41,11.41
259,Vanimo,PG,2022-02-08 22:16:15,-2.6741,141.3028,78.62,88,80,3.2
260,Mogadishu,SO,2022-02-08 22:16:15,2.0371,45.3438,76.5,86,8,20.74
261,Bontang,ID,2022-02-08 22:16:16,0.1333,117.5,75.58,91,100,6.58
262,Chase,CA,2022-02-08 22:15:34,50.8165,-119.6857,41.2,94,100,1.79
263,Chapais,CA,2022-02-08 22:16:16,49.7834,-74.8492,19.18,95,100,4.94
264,Verkhnevilyuysk,RU,2022-02-08 22:16:17,63.4453,120.3167,-33.25,100,100,1.88
265,Bilma,NE,2022-02-08 22:13:18,18.6853,12.9164,65.93,10,0,6.96
266,Sur,OM,2022-02-08 22:16:17,22.5667,59.5289,69.12,55,0,9.48
267,Wladyslawowo,PL,2022-02-08 22:16:18,54.7909,18.4009,40.93,80,6,25.5
268,Ancud,CL,2022-02-08 22:16:18,-41.8697,-73.8203,68.23,61,66,7.27
269,Toora-Khem,RU,2022-02-08 22:16:19,52.4675,96.11,-9.45,100,100,2.44
270,Sturgeon Falls,CA,2022-02-08 22:16:19,46.3646,-79.9326,27.9,92,100,6.62
271,Taguatinga,BR,2022-02-08 22:16:19,-12.3857,-46.5711,76.08,84,84,0.63
272,Kruisfontein,ZA,2022-02-08 22:16:21,-34.0033,24.7314,68.0,54,47,6.82
273,Kavaratti,IN,2022-02-08 22:16:21,10.5669,72.642,78.66,72,48,14.29
274,Bilibino,RU,2022-02-08 22:17:21,68.0546,166.4372,-26.25,75,15,1.7
275,Lorengau,PG,2022-02-08 22:17:22,-2.0226,147.2712,82.87,80,98,8.79
276,Mestia,GE,2022-02-08 22:17:22,43.0458,42.7278,30.24,96,100,1.23
277,Upington,ZA,2022-02-08 22:17:23,-28.4478,21.2561,77.38,69,33,5.75
278,Meulaboh,ID,2022-02-08 22:17:23,4.1363,96.1285,75.43,88,87,4.47
279,Yellowknife,CA,2022-02-08 22:17:24,62.456,-114.3525,-11.7,76,75,4.61
280,Portland,US,2022-02-08 22:13:50,45.5234,-122.6762,56.61,80,76,4.0
281,Vulcana Bai,RO,2022-02-08 22:17:24,45.0833,25.3833,31.17,99,1,4.99
282,Maningrida,AU,2022-02-08 22:17:24,-12.0667,134.2667,79.11,84,100,2.75
283,Barra Patuca,HN,2022-02-08 22:17:25,15.8,-84.2833,78.71,72,12,12.68
284,Saint-Pierre,RE,2022-02-08 22:17:25,-21.3393,55.4781,76.64,83,20,4.61
285,Eidsvag,NO,2022-02-08 22:17:25,62.7767,8.0668,38.05,95,100,7.81
286,Pochutla,MX,2022-02-08 22:17:26,15.7432,-96.4661,81.45,57,48,5.97
287,Togur,RU,2022-02-08 22:17:26,58.3631,82.8265,-20.0,100,13,4.23
288,Gogrial,SS,2022-02-08 22:17:26,8.5332,28.1004,75.78,19,4,4.9
289,Tokur,RU,2022-02-08 22:17:27,53.1333,132.9,-26.91,100,97,2.84
290,Suhbaatar,MN,2022-02-08 22:17:27,50.2314,106.2078,5.31,98,100,0.72
291,Upernavik,GL,2022-02-08 22:17:27,72.7868,-56.1549,-16.94,93,100,5.97
292,Cairns,AU,2022-02-08 22:17:28,-16.9167,145.7667,80.55,81,38,4.61
293,Dinghai,CN,2022-02-08 22:17:28,26.2847,119.7936,45.52,86,100,12.26
294,Mount Isa,AU,2022-02-08 22:17:28,-20.7333,139.5,78.57,73,3,0.0
295,Jiuquan,CN,2022-02-08 22:17:28,39.7432,98.5174,16.57,65,14,4.07
296,San Patricio,US,2022-02-08 22:17:29,28.017,-97.5169,70.48,27,0,1.5
297,Luwuk,ID,2022-02-08 22:17:29,-0.9516,122.7875,76.08,82,100,3.33
298,Port Blair,IN,2022-02-08 22:17:29,11.6667,92.75,77.04,88,40,6.91
299,Norsup,VU,2022-02-08 22:17:30,-16.0667,167.3833,81.41,84,100,28.88
300,Tevaitoa,PF,2022-02-08 22:17:30,-16.7833,-151.5,81.68,76,75,19.06
301,Florianopolis,BR,2022-02-08 22:17:30,-27.6146,-48.5012,75.36,75,40,8.05
302,Talaya,RU,2022-02-08 22:17:31,61.3833,152.75,-36.2,93,37,1.5
303,Pau Brasil,BR,2022-02-08 22:17:31,-15.4642,-39.6511,75.72,78,99,5.26
304,Cabo San Lucas,MX,2022-02-08 22:16:22,22.8909,-109.9124,78.62,55,0,8.05
305,Cap Malheureux,MU,2022-02-08 22:17:32,-19.9842,57.6142,75.69,80,63,3.0
306,Nantucket,US,2022-02-08 22:15:05,41.2835,-70.0995,41.34,90,100,16.11
307,Camacha,PT,2022-02-08 22:17:32,33.0833,-16.3333,63.36,77,20,9.22
308,Portree,GB,2022-02-08 22:17:32,57.4129,-6.1942,42.85,85,100,23.22
309,Leirvik,NO,2022-02-08 22:17:33,59.7798,5.5005,43.63,76,100,23.29
310,Bratsk,RU,2022-02-08 22:17:33,56.1325,101.6142,-19.71,98,99,4.34
311,Seoul,KR,2022-02-08 22:16:12,37.5683,126.9778,17.11,92,100,3.44
312,Hithadhoo,MV,2022-02-08 22:17:33,-0.6,73.0833,82.45,69,100,13.85
313,Nioki,CD,2022-02-08 22:17:34,-2.7167,17.6833,76.73,63,99,3.33
314,Mandal,IN,2022-02-08 22:17:34,25.45,74.5667,61.45,51,1,6.04
315,Batemans Bay,AU,2022-02-08 22:17:34,-35.7167,150.1833,73.9,57,2,2.21
316,Port Hardy,CA,2022-02-08 22:15:34,50.6996,-127.4199,46.76,93,100,14.97
317,General Roca,AR,2022-02-08 22:17:35,-39.0333,-67.5833,93.6,11,46,3.71
318,Porto Novo,BJ,2022-02-08 22:17:35,6.4965,2.6036,84.02,84,85,7.76
319,Goure,NE,2022-02-08 22:17:35,13.9835,10.2704,66.02,9,38,9.08
320,Mala,PE,2022-02-08 22:17:36,-12.6581,-76.6308,71.91,77,69,5.28
321,Lubyany,RU,2022-02-08 22:17:36,56.0378,51.4,19.04,96,97,4.52
322,Tasiilaq,GL,2022-02-08 22:17:36,65.6145,-37.6368,19.56,80,99,8.32
323,Lamar,US,2022-02-08 22:17:16,33.6668,-95.5836,65.35,22,0,17.27
324,Caucaia,BR,2022-02-08 22:14:01,-3.7361,-38.6531,82.35,75,20,9.22
325,Strezhevoy,RU,2022-02-08 22:18:37,60.7333,77.5889,-7.62,100,48,5.39
326,Ust-Nera,RU,2022-02-08 22:18:37,64.5667,143.2,-30.37,92,27,3.44
327,Tamandare,BR,2022-02-08 22:18:38,-8.7597,-35.1047,79.99,75,0,10.29
328,La Romana,DO,2022-02-08 22:18:38,18.4273,-68.9728,80.96,74,40,11.5
329,Mayo,US,2022-02-08 22:18:38,38.8876,-76.5119,46.51,43,0,8.05
330,Jackson,US,2022-02-08 22:17:18,42.4165,-122.8345,63.91,44,0,0.0
331,Przasnysz,PL,2022-02-08 22:18:39,53.0191,20.8803,43.68,82,53,16.82
332,Hurricane,US,2022-02-08 22:16:38,37.1753,-113.2899,68.34,20,8,10.2
333,Fairbanks,US,2022-02-08 22:17:32,64.8378,-147.7164,5.34,72,20,4.61
334,Buala,SB,2022-02-08 22:18:39,-8.145,159.5921,81.93,82,94,11.01
335,Prieska,ZA,2022-02-08 22:18:39,-29.6641,22.7474,81.81,37,32,7.11
336,Mount Gambier,AU,2022-02-08 22:18:40,-37.8333,140.7667,65.75,72,14,6.55
337,Margate,GB,2022-02-08 22:18:40,51.3813,1.3862,49.96,78,95,4.0
338,Launceston,AU,2022-02-08 22:18:41,-41.45,147.1667,64.8,72,36,5.75
339,Rosetta,EG,2022-02-08 22:18:41,31.4044,30.4164,57.42,57,42,10.07
340,Maxixe,MZ,2022-02-08 22:18:41,-23.8597,35.3472,72.14,90,0,5.06
341,Limpio,PY,2022-02-08 22:18:42,-25.1833,-57.5333,87.57,30,0,5.99
342,Bud,US,2022-02-08 22:18:42,39.447,-86.1758,48.29,86,3,10.36
343,Sept-Iles,CA,2022-02-08 22:18:42,50.2001,-66.3821,23.52,92,100,10.36
344,At-Bashi,KG,2022-02-08 22:18:43,41.1702,75.8106,3.63,81,100,3.11
345,Lake City,US,2022-02-08 22:18:15,30.1897,-82.6393,53.78,62,0,5.75
346,Alice,US,2022-02-08 22:18:43,27.7523,-98.0697,69.96,14,0,5.75
347,Svetlyy,RU,2022-02-08 22:18:44,54.675,20.1347,39.25,86,6,20.98
348,Katangli,RU,2022-02-08 22:18:44,51.7102,143.2326,13.17,94,100,15.12
349,Chegdomyn,RU,2022-02-08 22:18:44,51.1167,133.0167,-22.85,100,98,2.19
350,Nagato,JP,2022-02-08 22:17:47,34.3833,131.2,35.51,69,77,8.84
351,Husavik,IS,2022-02-08 22:15:13,66.0449,-17.3389,28.31,94,100,24.9
352,Itarema,BR,2022-02-08 22:18:45,-2.9248,-39.9167,80.47,77,8,14.14
353,Guerrero Negro,MX,2022-02-08 22:18:45,27.9769,-114.0611,73.89,23,31,8.66
354,Taltal,CL,2022-02-08 22:18:45,-25.4,-70.4833,68.25,73,24,4.81
355,Avera,US,2022-02-08 22:18:46,33.194,-82.5271,54.72,47,95,3.36
356,Djenne,ML,2022-02-08 22:18:46,13.9061,-4.5533,77.2,9,8,9.95
357,Karakulino,RU,2022-02-08 22:18:47,56.012,53.7067,16.38,96,100,3.0
358,Marsh Harbour,BS,2022-02-08 22:18:19,26.5412,-77.0636,74.39,74,12,5.08
359,Newport,GB,2022-02-08 22:14:53,51.5877,-2.9984,51.17,84,100,16.26
360,Ures,MX,2022-02-08 22:18:47,29.4333,-110.4,79.52,12,1,3.44
361,Leningradskiy,RU,2022-02-08 22:18:48,69.3833,178.4167,-27.22,81,13,3.71
362,Joensuu,FI,2022-02-08 22:18:48,62.6012,29.7632,26.28,93,100,10.36
363,Lakhimpur,IN,2022-02-08 22:18:48,27.95,80.7667,55.44,75,33,3.2
364,Yakima,US,2022-02-08 22:18:49,46.4665,-120.6678,48.65,58,0,0.0
365,Nome,US,2022-02-08 22:18:49,64.5011,-165.4064,1.47,55,100,21.85
366,Bethel,US,2022-02-08 22:18:15,41.3712,-73.414,37.04,71,58,4.0
367,Calama,CL,2022-02-08 22:18:49,-22.4667,-68.9333,73.89,13,0,23.02
368,Abay,KZ,2022-02-08 22:18:51,49.6311,72.8539,-9.02,100,76,5.06
369,Felipe Carrillo Puerto,MX,2022-02-08 22:19:51,19.5833,-88.05,74.17,88,91,4.29
370,Batabano,CU,2022-02-08 22:19:51,22.7164,-82.2881,81.21,66,0,7.45
371,Great Falls,US,2022-02-08 22:19:52,47.5002,-111.3008,50.67,31,75,23.02
372,Humaita,BR,2022-02-08 22:19:52,-7.5061,-63.0208,75.25,98,100,2.3
373,Noyabrsk,RU,2022-02-08 22:19:52,63.1994,75.4507,-10.39,93,29,11.86
374,Morant Bay,JM,2022-02-08 22:19:53,17.8815,-76.4093,82.02,75,23,7.4
375,Farafangana,MG,2022-02-08 22:19:53,-22.8167,47.8333,77.77,93,89,13.4
376,Anori,BR,2022-02-08 22:19:54,-3.7728,-61.6442,77.18,94,97,3.0
377,Kovdor,RU,2022-02-08 22:19:54,67.5662,30.4758,8.15,99,95,3.98
378,Winchester,GB,2022-02-08 22:19:54,51.0651,-1.3187,51.01,91,75,8.05
379,Nago,JP,2022-02-08 22:19:54,26.5881,127.9761,62.76,79,78,9.98
380,Kinarut,MY,2022-02-08 22:19:55,5.8231,116.0466,75.22,94,20,3.44
381,Coihaique,CL,2022-02-08 22:18:24,-45.5752,-72.0662,63.21,38,12,9.75
382,Samarai,PG,2022-02-08 22:19:55,-10.6167,150.6667,81.84,76,53,3.58
383,Isangel,VU,2022-02-08 22:19:56,-19.55,169.2667,82.51,94,75,4.61
384,Arraial Do Cabo,BR,2022-02-08 22:17:35,-22.9661,-42.0278,71.46,94,75,6.91
385,Methoni,GR,2022-02-08 22:19:56,36.8197,21.7049,45.21,55,1,7.11
386,Manitouwadge,CA,2022-02-08 22:19:56,49.1215,-85.8403,27.32,90,100,10.16
387,Cumpas,MX,2022-02-08 22:19:57,29.9833,-109.7833,69.26,14,0,3.51
388,El Colomo,MX,2022-02-08 22:19:57,19.05,-104.25,80.58,54,0,7.05
389,Labytnangi,RU,2022-02-08 22:19:57,66.6572,66.4183,-17.21,100,100,5.46
390,Liverpool,GB,2022-02-08 22:19:58,53.4106,-2.9779,52.75,86,100,10.0
391,Saint-Louis,SN,2022-02-08 22:19:58,16.3333,-15.0,80.08,10,0,10.11
392,Alpoyeca,MX,2022-02-08 22:19:58,17.6667,-98.5167,76.73,44,76,1.54
393,Bantry,IE,2022-02-08 22:19:59,51.6833,-9.45,51.28,96,100,7.99
394,Vavoua,CI,2022-02-08 22:19:59,7.3819,-6.4778,82.45,30,92,1.23
395,Ibra,OM,2022-02-08 22:20:00,22.6906,58.5334,61.43,50,0,3.53
396,Glace Bay,CA,2022-02-08 22:15:34,46.1969,-59.957,34.57,96,100,33.38
397,Rawson,AR,2022-02-08 22:16:32,-43.3002,-65.1023,65.5,51,81,21.39
398,Behbahan,IR,2022-02-08 22:20:00,30.5959,50.2417,43.92,52,0,3.44
399,Dwarahat,IN,2022-02-08 22:20:01,29.7833,79.4333,41.88,73,30,3.94
400,Komsomolskiy,UZ,2022-02-08 22:17:50,40.4272,71.7189,36.75,87,40,4.61
401,Songea,TZ,2022-02-08 22:20:02,-10.6833,35.65,63.54,97,87,2.44
402,Jingdezhen,CN,2022-02-08 22:20:03,29.2947,117.2079,39.6,96,100,2.62
403,Saint George,US,2022-02-08 22:20:04,37.1041,-113.5841,68.63,17,0,5.75
404,Bahia Blanca,AR,2022-02-08 22:20:04,-38.7196,-62.2724,84.72,25,76,5.61
405,Ramapuram,IN,2022-02-08 22:20:05,13.1167,79.2,64.96,89,5,1.01
406,Ixtapa,MX,2022-02-08 22:20:05,20.7,-105.2,74.43,69,0,9.22
407,Hisua,IN,2022-02-08 22:20:06,24.8333,85.4167,53.78,68,0,2.64
408,Pisco,PE,2022-02-08 22:20:06,-13.7,-76.2167,73.02,73,0,10.36
409,Hoa Binh,VN,2022-02-08 22:20:06,20.8133,105.3383,55.29,96,100,2.48
410,Shelburne,CA,2022-02-08 22:15:07,44.0787,-80.2041,25.25,69,93,9.4
411,Zhigansk,RU,2022-02-08 22:20:07,66.7697,123.3711,-41.4,100,97,2.8
412,College,US,2022-02-08 22:19:04,64.8569,-147.8028,5.32,72,75,4.61
413,Blackwater,AU,2022-02-08 22:21:08,-23.5833,148.8833,75.0,58,29,5.44
414,Aitape,PG,2022-02-08 22:21:08,-3.1374,142.3475,79.05,86,65,2.77
415,Olafsvik,IS,2022-02-08 22:21:08,64.8945,-23.7142,30.61,76,93,34.74
416,Sharjah,AE,2022-02-08 22:18:02,25.3573,55.4033,64.38,67,0,5.75
417,Mokhsogollokh,RU,2022-02-08 22:21:09,61.4681,128.9203,-33.72,100,95,1.34
418,Gat,IL,2022-02-08 22:21:09,31.61,34.7642,55.4,49,62,7.27
419,Haines Junction,CA,2022-02-08 22:21:09,60.7522,-137.5108,39.15,60,87,9.22
420,Tibacuy,CO,2022-02-08 22:21:10,4.3511,-72.4564,78.51,73,99,8.28
421,Alyangula,AU,2022-02-08 22:21:10,-13.8483,136.4192,81.36,74,100,7.56
422,Prince Rupert,CA,2022-02-08 22:19:57,54.3161,-130.3201,42.49,87,100,36.82
423,Sonoita,MX,2022-02-08 22:21:11,31.85,-112.8333,73.53,13,1,15.57
424,Harmanli,BG,2022-02-08 22:21:11,41.9333,25.9,36.5,68,23,11.54
425,Montmagny,FR,2022-02-08 22:18:03,48.9734,2.3469,48.76,86,0,3.44
426,Ajdabiya,LY,2022-02-08 22:21:11,30.7554,20.2263,52.9,52,42,13.91
427,Lakes Entrance,AU,2022-02-08 22:21:12,-37.8811,147.981,69.17,66,6,2.98
428,Hakui,JP,2022-02-08 22:21:12,36.8833,136.7833,34.21,83,25,6.64
429,Vestmannaeyjar,IS,2022-02-08 22:21:12,63.4427,-20.2734,35.13,75,100,11.16
430,Broome,US,2022-02-08 22:21:13,42.2506,-75.833,33.01,76,100,4.61
431,Kostomuksha,RU,2022-02-08 22:21:13,64.571,30.5767,20.05,96,100,6.67
432,Baykit,RU,2022-02-08 22:21:13,61.67,96.37,-23.87,99,10,2.64
433,Sabang,ID,2022-02-08 22:19:53,5.8933,95.3214,81.45,74,98,9.84
434,Vyazma,RU,2022-02-08 22:21:14,55.2104,34.2951,23.0,97,100,6.46
435,Morgan City,US,2022-02-08 22:21:14,29.6994,-91.2068,61.0,29,0,0.0
436,Faya,SA,2022-02-08 22:21:14,18.3851,42.4509,51.91,70,19,1.59
437,Santa Cruz,BO,2022-02-08 22:21:15,-17.8,-63.1667,87.85,42,40,9.22
438,Beloha,MG,2022-02-08 22:21:15,-25.1667,45.05,75.36,84,64,12.95
439,Kamennogorsk,RU,2022-02-08 22:21:15,60.9545,29.1339,29.21,97,100,4.12
440,Salsomaggiore Terme,IT,2022-02-08 22:21:16,44.8148,9.9796,42.91,64,2,5.37
441,Sao Filipe,CV,2022-02-08 22:21:16,14.8961,-24.4956,72.52,74,2,5.28
442,Griffith,US,2022-02-08 22:17:06,41.5284,-87.4237,38.08,69,0,13.8
443,Muromtsevo,RU,2022-02-08 22:21:16,56.3724,75.2418,-5.01,100,81,6.06
444,Gornozavodsk,RU,2022-02-08 22:21:17,58.3758,58.3211,-2.99,98,39,4.68
445,Luanda,AO,2022-02-08 22:17:36,-8.8368,13.2343,75.18,84,85,8.12
446,Cayenne,GF,2022-02-08 22:21:17,4.9333,-52.3333,81.09,84,40,5.75
447,Bhandara,IN,2022-02-08 22:21:17,21.1667,79.65,66.79,36,100,4.05
448,Palmer,US,2022-02-08 22:21:18,42.1584,-72.3287,37.08,69,75,8.05
449,Praya,CV,2022-02-08 22:19:59,14.9215,-23.5087,70.34,78,0,12.66
450,Marystown,CA,2022-02-08 22:21:18,47.1666,-55.1483,33.85,100,100,3.0
451,Verkhnyaya Inta,RU,2022-02-08 22:21:19,65.9811,60.3094,-4.49,89,94,4.72
452,Blagoyevo,RU,2022-02-08 22:21:19,63.3667,47.9167,18.5,92,99,8.81
453,Warrington,GB,2022-02-08 22:21:19,53.3925,-2.5802,52.92,83,100,8.99
454,Mizoch,UA,2022-02-08 22:21:20,50.4,26.15,34.25,98,100,18.01
455,Manokwari,ID,2022-02-08 22:21:20,-0.8667,134.0833,78.12,79,93,4.92
456,Nuoro,IT,2022-02-08 22:21:21,40.3211,9.3297,43.79,46,0,2.35
457,Vardo,NO,2022-02-08 22:21:21,70.3705,31.1107,26.8,79,59,17.9
458,Palu,ID,2022-02-08 22:21:21,-0.8917,119.8707,75.49,97,100,0.85
459,Sinnamary,GF,2022-02-08 22:17:40,5.3833,-52.95,77.29,84,72,7.52
460,Villarrobledo,ES,2022-02-08 22:22:22,39.2699,-2.6012,46.78,75,0,13.29
461,Biak,ID,2022-02-08 22:22:22,-0.9131,122.8766,74.95,81,100,3.0
462,Tuscaloosa,US,2022-02-08 22:18:38,33.2098,-87.5692,58.89,34,0,3.44
463,Okhotsk,RU,2022-02-08 22:18:57,59.3833,143.3,4.55,84,99,8.9
464,Talnakh,RU,2022-02-08 22:22:23,69.4865,88.3972,-0.8,96,100,11.59
465,Ulaangom,MN,2022-02-08 22:22:23,49.9811,92.0667,-26.93,84,46,3.49
466,Bagdarin,RU,2022-02-08 22:22:23,54.4333,113.6,-2.69,99,99,2.04
467,Chumikan,RU,2022-02-08 22:22:24,54.7183,135.315,-5.82,93,98,12.97
468,Ayan,RU,2022-02-08 22:22:24,56.45,138.1667,7.9,77,100,6.67
469,Zvishavane,ZW,2022-02-08 22:22:25,-20.3267,30.0665,66.79,66,4,1.95
470,Kyren,RU,2022-02-08 22:22:25,51.6828,102.1408,4.14,98,100,0.4
471,Ginda,IN,2022-02-08 22:22:25,30.6945,78.4932,41.4,66,95,3.67
472,Nemuro,JP,2022-02-08 22:22:26,43.3236,145.575,23.67,65,78,15.26
473,Kuito,AO,2022-02-08 22:21:05,-12.3833,16.9333,58.87,96,100,6.44
474,Bourail,NC,2022-02-08 22:22:26,-21.5667,165.4833,78.93,92,100,13.06
475,Bira,RU,2022-02-08 22:22:26,49.0,132.4667,-8.05,97,56,2.51
476,Diamantino,BR,2022-02-08 22:22:27,-14.4086,-56.4461,76.26,88,99,1.48
477,Darhan,MN,2022-02-08 22:22:27,49.4867,105.9228,0.75,98,100,1.83
478,Tunceli,TR,2022-02-08 22:17:57,39.1083,39.5471,41.29,98,99,2.42
479,Labuhan,ID,2022-02-08 22:22:28,-6.8844,112.2051,77.04,88,100,6.55
480,Ahipara,NZ,2022-02-08 22:18:51,-35.1667,173.1667,77.77,80,81,9.13
481,Vostok,RU,2022-02-08 22:22:28,46.4856,135.8833,-5.73,99,100,3.74
482,Eureka,US,2022-02-08 22:17:50,40.8021,-124.1637,72.68,72,0,5.99
483,Vao,NC,2022-02-08 22:17:45,-22.6667,167.4833,80.89,88,59,21.0
484,Hay River,CA,2022-02-08 22:22:29,60.8156,-115.7999,-9.42,70,75,8.05
485,Berlevag,NO,2022-02-08 22:19:26,70.8578,29.0864,24.75,74,40,16.11
486,Winona,US,2022-02-08 22:22:29,43.9666,-91.7668,39.51,70,100,4.61
487,Gusau,NG,2022-02-08 22:22:29,12.1628,6.6614,73.78,14,25,10.29
488,Bajil,YE,2022-02-08 22:22:31,15.0584,43.2851,76.12,75,66,4.45
489,Louga,RU,2022-02-08 22:22:31,58.7372,29.8453,28.94,97,100,6.76
490,Presidencia Roque Saenz Pena,AR,2022-02-08 22:22:31,-26.7852,-60.4388,85.55,23,47,3.78
491,Havelock,US,2022-02-08 22:22:31,34.8791,-76.9013,48.43,83,100,1.99
492,Tabuk,PH,2022-02-08 22:22:32,17.4189,121.4443,68.04,93,55,3.31
493,Oksfjord,NO,2022-02-08 22:22:32,70.2396,22.3479,29.32,87,100,10.65
494,Fare,PF,2022-02-08 22:22:32,-16.7,-151.0167,81.7,76,82,19.37
495,Chardara,KZ,2022-02-08 22:22:33,41.2547,67.9692,37.18,83,91,3.8
496,Bandarbeyla,SO,2022-02-08 22:18:09,9.4942,50.8122,75.24,69,61,17.36
497,Yulara,AU,2022-02-08 22:19:59,-25.2406,130.9889,76.84,73,100,10.36
498,Galle,LK,2022-02-08 22:22:33,6.0367,80.217,77.86,76,100,1.63
499,Bodden Town,KY,2022-02-08 22:22:34,19.2833,-81.25,82.0,71,75,6.91
500,Salinas,US,2022-02-08 22:21:13,36.6777,-121.6555,79.0,32,0,4.61
501,Brae,GB,2022-02-08 22:17:36,60.3964,-1.353,42.71,77,98,33.26
502,Baruun-Urt,MN,2022-02-08 22:22:34,46.6806,113.2792,-1.97,95,17,0.63
503,San Juan,AR,2022-02-08 22:22:34,-31.5375,-68.5364,92.73,18,0,7.11
504,Grand Gaube,MU,2022-02-08 22:22:35,-20.0064,57.6608,75.6,80,62,1.99
505,Salekhard,RU,2022-02-08 22:22:35,66.53,66.6019,-18.47,100,100,5.3
506,Naryan-Mar,RU,2022-02-08 22:22:35,67.6713,53.087,7.68,92,94,15.52
507,Ngunguru,NZ,2022-02-08 22:20:33,-35.6167,174.5,75.16,97,73,10.04
508,Emerald,AU,2022-02-08 22:23:36,-23.5333,148.1667,77.34,62,67,8.86
509,Leshan,CN,2022-02-08 22:23:36,29.5623,103.7639,36.91,92,23,1.16
510,Skibbereen,IE,2022-02-08 22:23:37,51.55,-9.2667,51.6,96,100,16.78
511,Santa Isabel Do Rio Negro,BR,2022-02-08 22:23:37,-0.4139,-65.0192,75.85,98,100,3.22
512,Kavieng,PG,2022-02-08 22:23:37,-2.5744,150.7967,82.33,78,100,8.59
513,Matamoros,MX,2022-02-08 22:20:00,25.5333,-103.25,62.71,27,0,0.0
514,Scalea,IT,2022-02-08 22:23:38,39.813,15.7956,40.33,58,0,5.3
515,Broken Hill,AU,2022-02-08 22:23:38,-31.95,141.4333,76.53,41,61,4.07
516,Sibolga,ID,2022-02-08 22:23:38,1.7427,98.7792,73.71,93,99,4.23
517,Sawtell,AU,2022-02-08 22:23:39,-30.3833,153.1,73.42,64,0,6.91
518,Atbasar,KZ,2022-02-08 22:23:39,51.8,68.3333,11.26,91,100,8.63
519,Taft,IR,2022-02-08 22:23:39,31.7471,54.2088,39.15,26,0,4.61
520,Teguise,ES,2022-02-08 22:23:39,29.0605,-13.564,66.42,56,0,6.91
521,Necochea,AR,2022-02-08 22:23:40,-38.5473,-58.7368,69.6,63,54,11.72
522,Shimoda,JP,2022-02-08 22:23:40,34.6667,138.95,40.1,74,97,13.8
523,Axim,GH,2022-02-08 22:23:40,4.8699,-2.2405,78.57,87,35,6.8
524,Kouango,CF,2022-02-08 22:23:41,4.9934,19.9619,78.46,22,80,1.68
525,Aloleng,PH,2022-02-08 22:23:41,16.1307,119.7824,77.04,74,66,8.25
526,Egvekinot,RU,2022-02-08 22:23:41,66.3167,-179.1667,-14.91,72,0,15.73
527,Balanacan,PH,2022-02-08 22:23:42,13.5289,121.8677,76.06,83,36,10.42
528,Dwarka,IN,2022-02-08 22:23:42,22.2394,68.9678,69.67,78,0,9.91
529,Nova Vicosa,BR,2022-02-08 22:23:44,-17.8919,-39.3719,78.39,86,93,10.74
530,Adre,TD,2022-02-08 22:23:44,13.4667,22.2,63.12,12,13,7.43
531,Itapage,BR,2022-02-08 22:23:15,-3.6867,-39.5861,75.63,83,6,5.88
532,Vega De Alatorre,MX,2022-02-08 22:23:44,20.0333,-96.6333,61.02,72,100,8.28
533,Camopi,GF,2022-02-08 22:23:45,3.1655,-52.3158,73.65,99,56,2.89
534,Lynn Haven,US,2022-02-08 22:23:45,30.2455,-85.6483,57.97,46,0,9.22
535,Navalmoral De La Mata,ES,2022-02-08 22:23:45,39.8916,-5.5406,48.88,57,0,3.0
536,Phek,IN,2022-02-08 22:23:46,25.6667,94.5,35.64,98,42,1.3
537,Zarate,AR,2022-02-08 22:23:46,-34.0981,-59.0286,75.81,54,0,5.01
538,Mecca,SA,2022-02-08 22:22:24,21.4267,39.8261,71.08,81,1,2.71
539,Ha Tinh,VN,2022-02-08 22:23:46,18.3333,105.9,66.58,93,100,8.16
540,Merauke,ID,2022-02-08 22:23:47,-8.4667,140.3333,78.53,87,100,5.75
541,Tromso,NO,2022-02-08 22:21:33,69.6496,18.957,32.02,64,75,18.41
542,Henties Bay,NA,2022-02-08 22:23:47,-22.116,14.2845,69.85,83,19,2.15
543,Ola,RU,2022-02-08 22:23:48,59.5833,151.2833,-2.97,82,87,8.81
544,Alakurtti,RU,2022-02-08 22:23:48,66.9672,30.3491,9.64,98,98,2.59
545,Jizan,SA,2022-02-08 22:23:48,17.3333,42.6667,76.14,69,6,0.78
546,Jambi,ID,2022-02-08 22:23:49,-1.6,103.6167,72.79,95,100,2.39
547,Synya,RU,2022-02-08 22:23:49,65.3718,58.0387,6.35,81,39,10.42
548,Micheweni,TZ,2022-02-08 22:23:49,-4.9667,39.8333,80.38,75,71,12.73
549,Carmelo,UY,2022-02-08 22:23:50,-33.9892,-58.2856,75.16,58,0,11.18
550,Xiuyan,CN,2022-02-08 22:23:50,40.2928,123.2744,19.71,84,32,1.21
551,Shache,CN,2022-02-08 22:23:50,38.4167,77.2406,28.18,50,100,5.44
552,Yangmei,CN,2022-02-08 22:23:51,24.1023,112.5618,39.42,94,100,3.11
553,San Cristobal,VE,2022-02-08 22:23:51,7.7669,-72.225,77.18,63,84,3.89
554,Lebanon,US,2022-02-08 22:23:48,36.2081,-86.2911,57.25,38,0,11.5
555,West Wendover,US,2022-02-08 22:23:51,40.7391,-114.0733,48.9,32,0,1.77
556,Nuqui,CO,2022-02-08 22:23:52,5.7125,-77.2708,83.1,85,76,4.92
557,Ashtian,IR,2022-02-08 22:24:52,34.5217,50.0019,33.28,46,0,7.2
558,Riyadh,SA,2022-02-08 22:24:07,24.6877,46.7219,51.94,33,0,3.67
559,Acajutla,SV,2022-02-08 22:24:52,13.5928,-89.8275,86.81,57,43,3.89
560,Gabu,GW,2022-02-08 22:24:53,12.2833,-14.2167,78.31,10,1,5.75
561,Challans,FR,2022-02-08 22:24:53,46.8436,-1.8749,46.6,87,14,7.56
562,Pahrump,US,2022-02-08 22:24:54,36.2083,-115.9839,73.45,13,1,4.0
563,Golden,US,2022-02-08 22:23:36,39.7555,-105.2211,53.29,21,20,11.01
564,Grindavik,IS,2022-02-08 22:24:54,63.8424,-22.4338,30.67,93,75,10.36
565,Zaraza,VE,2022-02-08 22:24:54,9.3503,-65.3245,83.1,61,91,13.24
566,Mubende,UG,2022-02-08 22:24:54,0.5606,31.39,65.59,71,92,1.86
567,Pitimbu,BR,2022-02-08 22:24:55,-7.4706,-34.8086,81.19,75,2,13.85
568,Ponta Delgada,PT,2022-02-08 22:20:12,37.7333,-25.6667,57.51,76,20,8.05
569,Katsuura,JP,2022-02-08 22:24:55,35.1333,140.3,41.18,77,94,12.28
570,Terrace,CA,2022-02-08 22:24:55,54.5163,-128.6035,39.11,93,100,19.57
